{
  "project_info": {
    "project_number": "613949361508",
    "firebase_url": "https://medimate-2f8fe-default-rtdb.firebaseio.com",
    "project_id": "medimate-2f8fe",
    "storage_bucket": "medimate-2f8fe.appspot.com"
  },
  "client": [
    {
      "client_info": {
        "mobilesdk_app_id": "1:613949361508:android:eb84cea68ea6f7a8de3e71",
        "android_client_info": {
          "package_name": "com.example.medimate"
        }
      },
      "oauth_client": [],
      "api_key": [
        {
          "current_key": "AIzaSyBYj5pgUi8uFHTMBY-RU3trCgy6lx1iG4c"
        }
      ],
      "services": {
        "appinvite_service": {
          "other_platform_oauth_client": []
        }
      }
    }
  ],
  "configuration_version": "1"
}